[
 {
   "eventid": "2.00E+11",
   "eid": "E34",
   "iyear": "1999",
   "imonth": "12",
   "extended": "0",
   "code": "826",
   "country": "217",
   "country_txt": "United States",
   "city": "East Lansing",
   "latitude": "42.7375",
   "longitude": "-84.483779",
   "vicinity": "0",
   "attacktype1": "7",
   "attack": "Facility Infrastructure Attack",
   "Summary": "12/31/1999: The Earth Liberation Front claimed an arson attack at the agriculture building at Michigan State University located in East Lansing, Michigan, U.S",
   "multiple": "0",
   "success": "1",
   "suicide": "0",
   "targtype1": "8",
   "target": "Educational Institution",
   "gname": "Earth Liberation Front (ELF)",
   "motive": "The perpetrators wanted to stop progress on a genetically modified food project.",
   "nperps": "unknown",
   "nperpcap": "1",
   "weaptype1": "8",
   "weapon": "Incendiary",
   "compclaim": "-9",
   "Nkill": "0",
   "nkillus": "0",
   "Nwound": "0",
   "nwoundus": "0",
   "Nhostkid": "“unknown”",
   "nhostkidus": "“unknown”",
   "Ransom": "“unknown”",
   "ransompaid": "“unknown”",
   "Ransomamtus": "“unknown”",
   "ransompaidus": "“unknown”"
 },
 {
   "eventid": "2.00E+11",
   "eid": "E35",
   "iyear": "1999",
   "imonth": "12",
   "extended": "0",
   "code": "826",
   "country": "217",
   "country_txt": "United States",
   "city": "Santa Rosa",
   "latitude": "38.437731",
   "longitude": "-122.712427",
   "vicinity": "1",
   "attacktype1": "7",
   "attack": "Facility Infrastructure Attack",
   "Summary": "12/20/1999: The Animal Liberation Front (ALF) claimed responsibility for an attempted arson at the Fulton Processors, Inc.,",
   "multiple": "0",
   "success": "0",
   "suicide": "0",
   "targtype1": "1",
   "target": "Business",
   "gname": "Animal Liberation Front (ALF)",
   "motive": "To protest animal abuse at the plant",
   "nperps": "-99",
   "nperpcap": "-99",
   "weaptype1": "8",
   "weapon": "Incendiary",
   "compclaim": "“unknown”",
   "Nkill": "0",
   "nkillus": "0",
   "Nwound": "0",
   "nwoundus": "0",
   "Nhostkid": "“unknown”",
   "nhostkidus": "“unknown”",
   "Ransom": "“unknown”",
   "ransompaid": "“unknown”",
   "Ransomamtus": "“unknown”",
   "ransompaidus": "“unknown”"
 },
 {
   "eventid": "2.00E+11",
   "eid": "E36",
   "iyear": "1999",
   "imonth": "12",
   "extended": "0",
   "code": "826",
   "country": "217",
   "country_txt": "United States",
   "city": "Bend",
   "latitude": "43.832571",
   "longitude": "-121.257501",
   "vicinity": "1",
   "attacktype1": "7",
   "attack": "Facility Infrastructure Attack",
   "Summary": "12/30/1999: Four members of the Earth and Animal Liberation Fronts (ELF and ALF), Jacob Ferguson, Stanislas Meyerhoff, Josephine Overaker, and Chelsea Gerlach, toppled an 80-foot power line tower, owned by the Bonneville Power Administration, about 37 miles southeast of Bend, Oregon, in the United States. ",
   "multiple": "0",
   "success": "1",
   "suicide": "0",
   "targtype1": "21",
   "target": "Utilities",
   "gname": "Earth Liberation Front (ELF)",
   "motive": "To disrupt power and electricity,",
   "nperps": "4",
   "nperpcap": "3",
   "weaptype1": "11",
   "weapon": "Projectile(rockets, mortars, RPGs, etc.)",
   "compclaim": "“unknown”",
   "Nkill": "0",
   "nkillus": "0",
   "Nwound": "0",
   "nwoundus": "0",
   "Nhostkid": "“unknown”",
   "nhostkidus": "“unknown”",
   "Ransom": "“unknown”",
   "ransompaid": "“unknown”",
   "Ransomamtus": "“unknown”",
   "ransompaidus": "“unknown”"
 },
 {
   "eventid": "1.98E+11",
   "eid": "E265",
   "iyear": "1981",
   "imonth": "4",
   "extended": "0",
   "code": "826",
   "country": "217",
   "country_txt": "United States",
   "city": "San Francisco",
   "latitude": "37.755363",
   "longitude": "-122.443352",
   "vicinity": "0",
   "attacktype1": "2",
   "attack": "Armed Assault",
   "Summary": "4/11/1981: A man, armed with a handgun, fired one shot through the solid oak door and lead glass inside the Soviet Consulate General building in Pacific Heights in San Francisco, California, United States. ",
   "multiple": "0",
   "success": "1",
   "suicide": "0",
   "targtype1": "7",
   "target": "Government (Diplomatic)",
   "gname": "Unknown",
   "motive": "Unknown",
   "nperps": "1",
   "nperpcap": "-99",
   "weaptype1": "5",
   "weapon": "Firearms",
   "compclaim": "“unknown”",
   "Nkill": "0",
   "nkillus": "0",
   "Nwound": "0",
   "nwoundus": "0",
   "Nhostkid": "“unknown”",
   "nhostkidus": "“unknown”",
   "Ransom": "“unknown”",
   "ransompaid": "“unknown”",
   "Ransomamtus": "“unknown”",
   "ransompaidus": "“unknown”"
 },
 {
   "eventid": "2.00E+11",
   "eid": "E775",
   "iyear": "1995",
   "imonth": "4",
   "extended": "0",
   "code": "826",
   "country": "217",
   "country_txt": "United States",
   "city": "DeWitt",
   "latitude": "43.038712",
   "longitude": "-76.073792",
   "vicinity": "0",
   "attacktype1": "7",
   "attack": "Facility Infrastructure Attack",
   "Summary": "4/11/1995: An unexploded homemade incendiary device was found underneath a delivery truck of the Oneonta Beef Inc.,",
   "multiple": "0",
   "success": "0",
   "suicide": "0",
   "targtype1": "1",
   "target": "Business",
   "gname": "Animal Liberation Front (ALF)",
   "motive": "In the name of animal rights; the perpetrators believed meat was \"murder\"",
   "nperps": "-99",
   "nperpcap": "-99",
   "weaptype1": "8",
   "weapon": "Incendiary",
   "compclaim": "“unknown”",
   "Nkill": "0",
   "nkillus": "0",
   "Nwound": "0",
   "nwoundus": "0",
   "Nhostkid": "“unknown”",
   "nhostkidus": "“unknown”",
   "Ransom": "“unknown”",
   "ransompaid": "“unknown”",
   "Ransomamtus": "“unknown”",
   "ransompaidus": "“unknown”"
 },
 {
   "eventid": "2.00E+11",
   "eid": "E934",
   "iyear": "2002",
   "imonth": "8",
   "extended": "0",
   "code": "826",
   "country": "217",
   "country_txt": "United States",
   "city": "Ann Arbor",
   "latitude": "42.280826",
   "longitude": "-83.743038",
   "vicinity": "1",
   "attacktype1": "7",
   "attack": "Facility Infrastructure Attack",
   "Summary": "8/18/2002: Members of the Earth Liberation Front (ELF) are suspected of setting arson to a home near Frains Lake Road in Washtenaw County, Michigan, in the United States causing about $600,000 in damages. ",
   "multiple": "0",
   "success": "1",
   "suicide": "0",
   "targtype1": "14",
   "target": "Private Citizens & Property",
   "gname": "Earth Liberation Front (ELF)",
   "motive": "The specific motive is unknown.",
   "nperps": "-99",
   "nperpcap": "-99",
   "weaptype1": "8",
   "weapon": "Incendiary",
   "compclaim": "“unknown”",
   "Nkill": "0",
   "nkillus": "0",
   "Nwound": "0",
   "nwoundus": "0",
   "Nhostkid": "“unknown”",
   "nhostkidus": "“unknown”",
   "Ransom": "“unknown”",
   "ransompaid": "“unknown”",
   "Ransomamtus": "“unknown”",
   "ransompaidus": "“unknown”"
 },
 {
   "eventid": "1.98E+11",
   "eid": "E983",
   "iyear": "1984",
   "imonth": "8",
   "extended": "0",
   "code": "826",
   "country": "217",
   "country_txt": "United States",
   "city": "Denver",
   "latitude": "39.758968",
   "longitude": "-104.876305",
   "vicinity": "0",
   "attacktype1": "7",
   "attack": "Facility Infrastructure Attack",
   "Summary": "08/01/1984: A Hare Krishna temple was firebombed in Denver, Colorado, United States, causing $200,000 in damage. ",
   "multiple": "0",
   "success": "1",
   "suicide": "0",
   "targtype1": "15",
   "target": "Religious Figures/Institutions",
   "gname": "Jamaat-al-Fuqra",
   "motive": "Jamaat-al-Fuqra was an Islamic fundamentalist sect that  was against the oppression of Muslims and sought Islamic purity; the group often targeted Hare Krishna temples, and Islamic and Hindu places of worship.",
   "nperps": "2",
   "nperpcap": "2",
   "weaptype1": "8",
   "weapon": "Incendiary",
   "compclaim": "“unknown”",
   "Nkill": "0",
   "nkillus": "0",
   "Nwound": "0",
   "nwoundus": "0",
   "Nhostkid": "“unknown”",
   "nhostkidus": "“unknown”",
   "Ransom": "“unknown”",
   "ransompaid": "“unknown”",
   "Ransomamtus": "“unknown”",
   "ransompaidus": "“unknown”"
 },
 {
   "eventid": "2.01E+11",
   "eid": "E1016",
   "iyear": "2009",
   "imonth": "12",
   "extended": "0",
   "code": "826",
   "country": "217",
   "country_txt": "United States",
   "city": "Detroit",
   "latitude": "42.331685",
   "longitude": "-83.047924",
   "vicinity": "0",
   "attacktype1": "3",
   "attack": "Bombing",
   "Summary": "12/25/2009: On Friday morning, in Detroit, Michigan, United States, as the plane was approaching the destination, a would-be suicide bomber, identified as Umar Farouk Abdulmutallab, a 23-year-old Nigerian national, on board of Northwest Flight 253 from Amsterdam, Netherlands detonated a device that was attached to his body while on the plane. ",
   "multiple": "0",
   "success": "0",
   "suicide": "1",
   "targtype1": "6",
   "target": "Airports & Aircraft",
   "gname": "Al-Qaida in the Arabian Peninsula (AQAP)",
   "motive": "The specific motive for the attack is unknown.",
   "nperps": "1",
   "nperpcap": "1",
   "weaptype1": "6",
   "weapon": "Explosives",
   "compclaim": "“unknown”",
   "Nkill": "0",
   "nkillus": "0",
   "Nwound": "2",
   "nwoundus": "1",
   "Nhostkid": "“unknown”",
   "nhostkidus": "“unknown”",
   "Ransom": "“unknown”",
   "ransompaid": "“unknown”",
   "Ransomamtus": "“unknown”",
   "ransompaidus": "“unknown”"
 },
 {
   "eventid": "1.99E+11",
   "eid": "E1641",
   "iyear": "1990",
   "imonth": "1",
   "extended": "0",
   "code": "826",
   "country": "217",
   "country_txt": "United States",
   "city": "Tucson",
   "latitude": "32.222232",
   "longitude": "-110.925752",
   "vicinity": "0",
   "attacktype1": "1",
   "attack": "Assassination",
   "Summary": "01/30/1990: Muslim cleric and leader of an area mosque in Tucson, Arizona, in the United States, Rashad Khalifa, was stabbed to death in the kitchen of the mosque. ",
   "multiple": "0",
   "success": "1",
   "suicide": "0",
   "targtype1": "15",
   "target": "Religious Figures/Institutions",
   "gname": "Jamaat-al-Fuqra",
   "motive": "Khalifa believed in Islam based on numerology and put forth interpretations of the Quran, which were opposed by fundamentalists",
   "nperps": "-99",
   "nperpcap": "-99",
   "weaptype1": "9",
   "weapon": "Melee",
   "compclaim": "“unknown”",
   "Nkill": "1",
   "nkillus": "1",
   "Nwound": "0",
   "nwoundus": "0",
   "Nhostkid": "“unknown”",
   "nhostkidus": "“unknown”",
   "Ransom": "“unknown”",
   "ransompaid": "“unknown”",
   "Ransomamtus": "“unknown”",
   "ransompaidus": "“unknown”"
 },
 {
   "eventid": "1.99E+11",
   "eid": "E2043",
   "iyear": "1990",
   "imonth": "9",
   "extended": "0",
   "code": "826",
   "country": "217",
   "country_txt": "United States",
   "city": "Bailey's Crossroads",
   "latitude": "38.848033",
   "longitude": "-77.12916",
   "vicinity": "0",
   "attacktype1": "1",
   "attack": "Assassination",
   "Summary": "9/22/1990:  Unknown perpetrators shot and killed Triet Le and his wife Tuyet Thi Dang-Tran outside of their home in Bailey's Crossroads, Virginia, United States. ",
   "multiple": "0",
   "success": "1",
   "suicide": "0",
   "targtype1": "10",
   "target": "Journalists & Media",
   "gname": "Unknown",
   "motive": "To protest the Vietnamese magazine Tien Phong for its stridently anti-communist views or to protest Triet Le for criticizing the United Front for the Liberation of Vietnam.",
   "nperps": "-99",
   "nperpcap": "0",
   "weaptype1": "5",
   "weapon": "Firearms",
   "compclaim": "“unknown”",
   "Nkill": "2",
   "nkillus": "0",
   "Nwound": "0",
   "nwoundus": "0",
   "Nhostkid": "“unknown”",
   "nhostkidus": "“unknown”",
   "Ransom": "“unknown”",
   "ransompaid": "“unknown”",
   "Ransomamtus": "“unknown”",
   "ransompaidus": "“unknown”"
 },
 {
   "eventid": "1.99E+11",
   "eid": "E2076",
   "iyear": "1988",
   "imonth": "1",
   "extended": "0",
   "code": "826",
   "country": "217",
   "country_txt": "United States",
   "city": "Rio Piedras",
   "latitude": "18.386932",
   "longitude": "-66.061127",
   "vicinity": "0",
   "attacktype1": "7",
   "attack": "Facility Infrastructure Attack",
   "Summary": "1/12/1988: Members of the Pedro Albizu Campos Revolutionary Forces placed incendiary devices at a Citibank branch and a Mexican Travel Agency housed in the same building in Rio Piedras, Puerto Rico. ",
   "multiple": "0",
   "success": "1",
   "suicide": "0",
   "targtype1": "1",
   "target": "Business",
   "gname": "Pedro Albizu Campos Revolutionary Forces",
   "motive": "The suspected motive was to prevent the Mexican government from extraditing William Morales, a member of FALN, to the United States.",
   "nperps": "-99",
   "nperpcap": "-99",
   "weaptype1": "8",
   "weapon": "Incendiary",
   "compclaim": "“unknown”",
   "Nkill": "0",
   "nkillus": "0",
   "Nwound": "0",
   "nwoundus": "0",
   "Nhostkid": "“unknown”",
   "nhostkidus": "“unknown”",
   "Ransom": "“unknown”",
   "ransompaid": "“unknown”",
   "Ransomamtus": "“unknown”",
   "ransompaidus": "“unknown”"
 },
 {
   "eventid": "1.99E+11",
   "eid": "E2077",
   "iyear": "1988",
   "imonth": "1",
   "extended": "0",
   "code": "826",
   "country": "217",
   "country_txt": "United States",
   "city": "Miami",
   "latitude": "25.774591",
   "longitude": "-80.214195",
   "vicinity": "0",
   "attacktype1": "3",
   "attack": "Bombing",
   "Summary": "1/2/1988: Unknown perpetrators threw a pipe bomb through the window of the Miami-Cuba offices in Miami, Florida, United States. ",
   "multiple": "0",
   "success": "1",
   "suicide": "0",
   "targtype1": "1",
   "target": "Business",
   "gname": "Cuban Exiles",
   "motive": "To protest United States based businesses that send supplies to Cuba",
   "nperps": "-99",
   "nperpcap": "-99",
   "weaptype1": "6",
   "weapon": "Explosives",
   "compclaim": "“unknown”",
   "Nkill": "0",
   "nkillus": "0",
   "Nwound": "0",
   "nwoundus": "0",
   "Nhostkid": "“unknown”",
   "nhostkidus": "“unknown”",
   "Ransom": "“unknown”",
   "ransompaid": "“unknown”",
   "Ransomamtus": "“unknown”",
   "ransompaidus": "“unknown”"
 },
 {
   "eventid": "1.99E+11",
   "eid": "E2341",
   "iyear": "1988",
   "imonth": "9",
   "extended": "0",
   "code": "826",
   "country": "217",
   "country_txt": "United States",
   "city": "Miami",
   "latitude": "25.774591",
   "longitude": "-80.214195",
   "vicinity": "0",
   "attacktype1": "3",
   "attack": "Bombing",
   "Summary": "9/5/1988: Unknown perpetrators bombed the Bela-Cuba offices in Miami, Florida, United States. ",
   "multiple": "0",
   "success": "1",
   "suicide": "0",
   "targtype1": "1",
   "target": "Business",
   "gname": "Cuban Exiles",
   "motive": "To protest United States based businesses that send supplies to Cuba",
   "nperps": "-99",
   "nperpcap": "-99",
   "weaptype1": "6",
   "weapon": "Explosives",
   "compclaim": "“unknown”",
   "Nkill": "0",
   "nkillus": "0",
   "Nwound": "0",
   "nwoundus": "0",
   "Nhostkid": "“unknown”",
   "nhostkidus": "“unknown”",
   "Ransom": "“unknown”",
   "ransompaid": "“unknown”",
   "Ransomamtus": "“unknown”",
   "ransompaidus": "“unknown”"
 },
 {
   "eventid": "1.99E+11",
   "eid": "E2342",
   "iyear": "1988",
   "imonth": "9",
   "extended": "0",
   "code": "826",
   "country": "217",
   "country_txt": "United States",
   "city": "Miami",
   "latitude": "25.774591",
   "longitude": "-80.214195",
   "vicinity": "0",
   "attacktype1": "3",
   "attack": "Bombing",
   "Summary": "9/18/1988: Unknown perpetrators bombed the Miami, Florida, United States residence of one of the organizers of the Reunion Flotilla. ",
   "multiple": "0",
   "success": "1",
   "suicide": "0",
   "targtype1": "1",
   "target": "Business",
   "gname": "Cuban Exiles",
   "motive": "To protest the policies of the Reunion Flotilla",
   "nperps": "-99",
   "nperpcap": "-99",
   "weaptype1": "6",
   "weapon": "Explosives",
   "compclaim": "“unknown”",
   "Nkill": "0",
   "nkillus": "0",
   "Nwound": "0",
   "nwoundus": "0",
   "Nhostkid": "“unknown”",
   "nhostkidus": "“unknown”",
   "Ransom": "“unknown”",
   "ransompaid": "“unknown”",
   "Ransomamtus": "“unknown”",
   "ransompaidus": "“unknown”"
 },
 {
   "eventid": "2.00E+11",
   "eid": "E2492",
   "iyear": "2002",
   "imonth": "9",
   "extended": "0",
   "code": "826",
   "country": "217",
   "country_txt": "United States",
   "city": "Plymouth",
   "latitude": "42.37199",
   "longitude": "-83.467919",
   "vicinity": "0",
   "attacktype1": "7",
   "attack": "Facility Infrastructure Attack",
   "Summary": "09/09/2002: Members of the Earth Liberation Front (ELF) are suspected of setting arson to a private home under construction at Old Oak Drive in Washtenaw County, Michigan in the United States. ",
   "multiple": "0",
   "success": "1",
   "suicide": "0",
   "targtype1": "14",
   "target": "Private Citizens & Property",
   "gname": "Earth Liberation Front (ELF)",
   "motive": "The specific motive is unknown.",
   "nperps": "-99",
   "nperpcap": "-99",
   "weaptype1": "8",
   "weapon": "Incendiary",
   "compclaim": "“unknown”",
   "Nkill": "0",
   "nkillus": "0",
   "Nwound": "0",
   "nwoundus": "0",
   "Nhostkid": "“unknown”",
   "nhostkidus": "“unknown”",
   "Ransom": "“unknown”",
   "ransompaid": "“unknown”",
   "Ransomamtus": "“unknown”",
   "ransompaidus": "“unknown”"
 },
 {
   "eventid": "2.00E+11",
   "eid": "E2583",
   "iyear": "2000",
   "imonth": "1",
   "extended": "0",
   "code": "826",
   "country": "217",
   "country_txt": "United States",
   "city": "Mesick",
   "latitude": "44.405705",
   "longitude": "-85.714454",
   "vicinity": "1",
   "attacktype1": "7",
   "attack": "Facility Infrastructure Attack",
   "Summary": "01/1/2000: Four members of the Earth Liberation Front (ELF) torched commercial logging equipment, including a flat-bed trailer and a large logging tractor, on the side of Michigan Highway 115, near Mesick, Michigan in the Unites States, causing over $18,000 in damage. ",
   "multiple": "0",
   "success": "1",
   "suicide": "0",
   "targtype1": "1",
   "target": "Business",
   "gname": "Earth Liberation Front (ELF)",
   "motive": "To sabotage lumbering activity.",
   "nperps": "4",
   "nperpcap": "4",
   "weaptype1": "8",
   "weapon": "Incendiary",
   "compclaim": "“unknown”",
   "Nkill": "0",
   "nkillus": "0",
   "Nwound": "0",
   "nwoundus": "0",
   "Nhostkid": "“unknown”",
   "nhostkidus": "“unknown”",
   "Ransom": "“unknown”",
   "ransompaid": "“unknown”",
   "Ransomamtus": "“unknown”",
   "ransompaidus": "“unknown”"
 },
 {
   "eventid": "2.02E+11",
   "eid": "E2875",
   "iyear": "2016",
   "imonth": "1",
   "extended": "0",
   "code": "826",
   "country": "217",
   "country_txt": "United States",
   "city": "New York City",
   "latitude": "40.697132",
   "longitude": "-73.931351",
   "vicinity": "0",
   "attacktype1": "8",
   "attack": "Unarmed Assault",
   "Summary": "01/15/2016: Assailants attacked a Muslim civilian from Bangladesh in Bronx, New York City, United States. ",
   "multiple": "0",
   "success": "1",
   "suicide": "0",
   "targtype1": "14",
   "target": "Private Citizens & Property",
   "gname": "Anti-Muslim extremists",
   "motive": "The specific motive is unknown; however, sources noted that the assailants yelled, \"ISIS, ISIS\" throughout the attack.",
   "nperps": "2",
   "nperpcap": "2",
   "weaptype1": "9",
   "weapon": "Melee",
   "compclaim": "“unknown”",
   "Nkill": "0",
   "nkillus": "0",
   "Nwound": "1",
   "nwoundus": "“unknown”",
   "Nhostkid": "“unknown”",
   "nhostkidus": "“unknown”",
   "Ransom": "“unknown”",
   "ransompaid": "“unknown”",
   "Ransomamtus": "“unknown”",
   "ransompaidus": "“unknown”"
 },
 {
   "eventid": "2.00E+11",
   "eid": "E2968",
   "iyear": "2000",
   "imonth": "9",
   "extended": "0",
   "code": "826",
   "country": "217",
   "country_txt": "United States",
   "city": "Eugene",
   "latitude": "44.045558",
   "longitude": "-123.080222",
   "vicinity": "0",
   "attacktype1": "7",
   "attack": "Facility Infrastructure Attack",
   "Summary": "09/06/2000: Three members of the Earth and Animal Liberations Fronts (ELF and ALF),  Stanislas Meyerhoff, Kevin Tubbs, and Chelsea Gerlach, placed two incendiary devices at the West University Public Safety Substation of the Eugene Police Department in Eugene, Oregon in the United States. ",
   "multiple": "0",
   "success": "1",
   "suicide": "0",
   "targtype1": "3",
   "target": "Police",
   "gname": "Earth Liberation Front (ELF)",
   "motive": "The perpetrators believed the police substation would be a popular target with activists in the community, especially after police reaction to recent protests.",
   "nperps": "3",
   "nperpcap": "3",
   "weaptype1": "8",
   "weapon": "Incendiary",
   "compclaim": "“unknown”",
   "Nkill": "0",
   "nkillus": "0",
   "Nwound": "0",
   "nwoundus": "0",
   "Nhostkid": "“unknown”",
   "nhostkidus": "“unknown”",
   "Ransom": "“unknown”",
   "ransompaid": "“unknown”",
   "Ransomamtus": "“unknown”",
   "ransompaidus": "“unknown”"
 },
 {
   "eventid": "2.01E+11",
   "eid": "E4052",
   "iyear": "2005",
   "imonth": "5",
   "extended": "0",
   "code": "826",
   "country": "217",
   "country_txt": "United States",
   "city": "New York City",
   "latitude": "40.697132",
   "longitude": "-73.931351",
   "vicinity": "0",
   "attacktype1": "3",
   "attack": "Bombing",
   "Summary": "05/05/2005: Unidentified perpetrators threw two small, homemade grenades at a building housing the British Consulate in New York City, New York, United States. ",
   "multiple": "0",
   "success": "1",
   "suicide": "0",
   "targtype1": "7",
   "target": "Government (Diplomatic)",
   "gname": "Unknown",
   "motive": "Unknown",
   "nperps": "unknown",
   "nperpcap": "0",
   "weaptype1": "6",
   "weapon": "Explosives",
   "compclaim": "“unknown”",
   "Nkill": "0",
   "nkillus": "0",
   "Nwound": "0",
   "nwoundus": "0",
   "Nhostkid": "“unknown”",
   "nhostkidus": "“unknown”",
   "Ransom": "“unknown”",
   "ransompaid": "“unknown”",
   "Ransomamtus": "“unknown”",
   "ransompaidus": "“unknown”"
 },
 {
   "eventid": "1.99E+11",
   "eid": "E4174",
   "iyear": "1987",
   "imonth": "5",
   "extended": "0",
   "code": "826",
   "country": "217",
   "country_txt": "United States",
   "city": "Hialeah",
   "latitude": "25.857518",
   "longitude": "-80.278182",
   "vicinity": "0",
   "attacktype1": "3",
   "attack": "Bombing",
   "Summary": "5/1/1987: Unknown perpetrators bombed Almacen El Espanol in Hialeah, Florida, United States. ",
   "multiple": "0",
   "success": "1",
   "suicide": "0",
   "targtype1": "1",
   "target": "Business",
   "gname": "Cuban Exiles",
   "motive": "To protest United States based businesses that send supplies to Cuba",
   "nperps": "-99",
   "nperpcap": "-99",
   "weaptype1": "6",
   "weapon": "Explosives",
   "compclaim": "“unknown”",
   "Nkill": "0",
   "nkillus": "0",
   "Nwound": "0",
   "nwoundus": "0",
   "Nhostkid": "“unknown”",
   "nhostkidus": "“unknown”",
   "Ransom": "“unknown”",
   "ransompaid": "“unknown”",
   "Ransomamtus": "“unknown”",
   "ransompaidus": "“unknown”"
 },
 {
   "eventid": "1.99E+11",
   "eid": "E4175",
   "iyear": "1987",
   "imonth": "5",
   "extended": "0",
   "code": "826",
   "country": "217",
   "country_txt": "United States",
   "city": "Miami",
   "latitude": "25.774591",
   "longitude": "-80.214195",
   "vicinity": "0",
   "attacktype1": "3",
   "attack": "Bombing",
   "Summary": "5/2/1987: Unknown perpetrators bombed Cubanacan in Miami, Florida, United States. ",
   "multiple": "0",
   "success": "1",
   "suicide": "0",
   "targtype1": "1",
   "target": "Business",
   "gname": "Cuban Exiles",
   "motive": "To protest United States based businesses that send supplies to Cuba",
   "nperps": "-99",
   "nperpcap": "-99",
   "weaptype1": "6",
   "weapon": "Explosives",
   "compclaim": "“unknown”",
   "Nkill": "0",
   "nkillus": "0",
   "Nwound": "0",
   "nwoundus": "0",
   "Nhostkid": "“unknown”",
   "nhostkidus": "“unknown”",
   "Ransom": "“unknown”",
   "ransompaid": "“unknown”",
   "Ransomamtus": "“unknown”",
   "ransompaidus": "“unknown”"
 },
 {
   "eventid": "1.98E+11",
   "eid": "E4343",
   "iyear": "1978",
   "imonth": "9",
   "extended": "0",
   "code": "826",
   "country": "217",
   "country_txt": "United States",
   "city": "San Juan",
   "latitude": "18.386932",
   "longitude": "-66.061127",
   "vicinity": "0",
   "attacktype1": "5",
   "attack": "Barricade Incident",
   "Summary": "9/4/1978: Suspected members of the People's Revolutionary Commandos (CRP), armed with guns, broke into the United Press International office in San Juan, Puerto Rico. ",
   "multiple": "0",
   "success": "1",
   "suicide": "0",
   "targtype1": "10",
   "target": "Journalists & Media",
   "gname": "Revolutionary Commandos of the People (CRP)",
   "motive": "To free Nydia Cuevas and Pablo Marcano",
   "nperps": "3",
   "nperpcap": "-99",
   "weaptype1": "5",
   "weapon": "Firearms",
   "compclaim": "“unknown”",
   "Nkill": "0",
   "nkillus": "0",
   "Nwound": "0",
   "nwoundus": "0",
   "Nhostkid": "1",
   "nhostkidus": "1",
   "Ransom": "“unknown”",
   "ransompaid": "“unknown”",
   "Ransomamtus": "“unknown”",
   "ransompaidus": "“unknown”"
 },
 {
   "eventid": "1.98E+11",
   "eid": "E4344",
   "iyear": "1978",
   "imonth": "9",
   "extended": "0",
   "code": "826",
   "country": "217",
   "country_txt": "United States",
   "city": "Greenburgh",
   "latitude": "41.039559",
   "longitude": "-73.87149",
   "vicinity": "0",
   "attacktype1": "1",
   "attack": "Assassination",
   "Summary": "09/28/1978: Anthony Cikoja, a Yugoslavian immigrant, was shot and killed by three bullets from a car waiting outside his home on Sprain Valley Road, in Greenburgh, New York, a suburb of New York City near Scarsdale in the United States. ",
   "multiple": "0",
   "success": "1",
   "suicide": "0",
   "targtype1": "14",
   "target": "Private Citizens & Property",
   "gname": "Otpor",
   "motive": "The victim was sent a letter, months prior to the incident, demanding he give money towards the Croatian independence cause.",
   "nperps": "-99",
   "nperpcap": "8",
   "weaptype1": "5",
   "weapon": "Firearms",
   "compclaim": "“unknown”",
   "Nkill": "1",
   "nkillus": "1",
   "Nwound": "0",
   "nwoundus": "0",
   "Nhostkid": "“unknown”",
   "nhostkidus": "“unknown”",
   "Ransom": "“unknown”",
   "ransompaid": "“unknown”",
   "Ransomamtus": "“unknown”",
   "ransompaidus": "“unknown”"
 },
 {
   "eventid": "2.00E+11",
   "eid": "E4599",
   "iyear": "2002",
   "imonth": "7",
   "extended": "0",
   "code": "826",
   "country": "217",
   "country_txt": "United States",
   "city": "Los Angeles",
   "latitude": "34.097866",
   "longitude": "-118.407379",
   "vicinity": "0",
   "attacktype1": "2",
   "attack": "Armed Assault",
   "Summary": "07/04/2002: Hesham Mohamed Hadayet, an Egyptian-born man, opened fired at the El Al Israeli Airlines ticket counter at the Los Angeles Airport (LAX), killing two people and wounding four others. ",
   "multiple": "0",
   "success": "1",
   "suicide": "0",
   "targtype1": "6",
   "target": "Airports & Aircraft",
   "gname": "Anti-Israeli extremists",
   "motive": "The perpetrator espoused anti-Israeli views.",
   "nperps": "1",
   "nperpcap": "1",
   "weaptype1": "5",
   "weapon": "Firearms",
   "compclaim": "“unknown”",
   "Nkill": "3",
   "nkillus": "0",
   "Nwound": "4",
   "nwoundus": "1",
   "Nhostkid": "“unknown”",
   "nhostkidus": "“unknown”",
   "Ransom": "“unknown”",
   "ransompaid": "“unknown”",
   "Ransomamtus": "“unknown”",
   "ransompaidus": "“unknown”"
 },
 {
   "eventid": "2.00E+11",
   "eid": "E5367",
   "iyear": "1998",
   "imonth": "2",
   "extended": "0",
   "code": "826",
   "country": "217",
   "country_txt": "United States",
   "city": "Rochester",
   "latitude": "43.233838",
   "longitude": "-77.571695",
   "vicinity": "0",
   "attacktype1": "7",
   "attack": "Facility Infrastructure Attack",
   "Summary": "2/23/1998: Two fake bombs were discovered by a parks employee and police at Durand-Eastman Park in Rochester, New York in the United States. ",
   "multiple": "0",
   "success": "1",
   "suicide": "0",
   "targtype1": "14",
   "target": "Private Citizens & Property",
   "gname": "Animal Liberation Front (ALF)",
   "motive": "In protest of the Bait-and-shoot program at Durand-Eastman Park in Rochester, NY",
   "nperps": "-99",
   "nperpcap": "-99",
   "weaptype1": "7",
   "weapon": "Grenade",
   "compclaim": "“unknown”",
   "Nkill": "0",
   "nkillus": "0",
   "Nwound": "0",
   "nwoundus": "0",
   "Nhostkid": "“unknown”",
   "nhostkidus": "“unknown”",
   "Ransom": "“unknown”",
   "ransompaid": "“unknown”",
   "Ransomamtus": "“unknown”",
   "ransompaidus": "“unknown”"
 },
 {
   "eventid": "2.01E+11",
   "eid": "E6003",
   "iyear": "2014",
   "imonth": "10",
   "extended": "0",
   "code": "826",
   "country": "217",
   "country_txt": "United States",
   "city": "New York City",
   "latitude": "40.697132",
   "longitude": "-73.931351",
   "vicinity": "0",
   "attacktype1": "8",
   "attack": "Unarmed Assault",
   "Summary": "10/03/2014: Assailants attacked an art gallery in the Chelsea neighborhood of Manhattan, New York City, United States. ",
   "multiple": "0",
   "success": "1",
   "suicide": "0",
   "targtype1": "14",
   "target": "Private Citizens & Property",
   "gname": "Unknown",
   "motive": "The specific motive is unknown; however, sources noted that the assailants left leaflets, criticizing President Vladimir Putin, at the scene of the incident.",
   "nperps": "3",
   "nperpcap": "0",
   "weaptype1": "2",
   "weapon": "Chemical",
   "compclaim": "“unknown”",
   "Nkill": "0",
   "nkillus": "0",
   "Nwound": "1",
   "nwoundus": "0",
   "Nhostkid": "“unknown”",
   "nhostkidus": "“unknown”",
   "Ransom": "“unknown”",
   "ransompaid": "“unknown”",
   "Ransomamtus": "“unknown”",
   "ransompaidus": "“unknown”"
 },
 {
   "eventid": "1.98E+11",
   "eid": "E6034",
   "iyear": "1980",
   "imonth": "2",
   "extended": "0",
   "code": "826",
   "country": "217",
   "country_txt": "United States",
   "city": "New York City",
   "latitude": "40.697132",
   "longitude": "-73.931351",
   "vicinity": "0",
   "attacktype1": "2",
   "attack": "Armed Assault",
   "Summary": "02/21/1980: In the United States, unknown perpetrator(s) fired a shot through the window of the building housing the Soviet Mission to the UN in New York City, which was the intended target of the shot. ",
   "multiple": "0",
   "success": "1",
   "suicide": "0",
   "targtype1": "7",
   "target": "Government (Diplomatic)",
   "gname": "Unknown",
   "motive": "Unknown",
   "nperps": "-99",
   "nperpcap": "-99",
   "weaptype1": "5",
   "weapon": "Firearms",
   "compclaim": "“unknown”",
   "Nkill": "0",
   "nkillus": "0",
   "Nwound": "0",
   "nwoundus": "0",
   "Nhostkid": "“unknown”",
   "nhostkidus": "“unknown”",
   "Ransom": "“unknown”",
   "ransompaid": "“unknown”",
   "Ransomamtus": "“unknown”",
   "ransompaidus": "“unknown”"
 },
 {
   "eventid": "1.98E+11",
   "eid": "E6053",
   "iyear": "1980",
   "imonth": "10",
   "extended": "0",
   "code": "826",
   "country": "217",
   "country_txt": "United States",
   "city": "Fort Collins",
   "latitude": "40.581505",
   "longitude": "-105.076264",
   "vicinity": "0",
   "attacktype1": "1",
   "attack": "Assassination",
   "Summary": "10/14/1980: Eugene A. ",
   "multiple": "0",
   "success": "1",
   "suicide": "0",
   "targtype1": "14",
   "target": "Private Citizens & Property",
   "gname": "Gaddafi loyalists",
   "motive": "To silence dissidents of the Muammar Qaddafi regime",
   "nperps": "1",
   "nperpcap": "1",
   "weaptype1": "5",
   "weapon": "Firearms",
   "compclaim": "“unknown”",
   "Nkill": "1",
   "nkillus": "1",
   "Nwound": "0",
   "nwoundus": "0",
   "Nhostkid": "“unknown”",
   "nhostkidus": "“unknown”",
   "Ransom": "“unknown”",
   "ransompaid": "“unknown”",
   "Ransomamtus": "“unknown”",
   "ransompaidus": "“unknown”"
 },
 {
   "eventid": "2.00E+11",
   "eid": "E6139",
   "iyear": "1996",
   "imonth": "10",
   "extended": "0",
   "code": "826",
   "country": "217",
   "country_txt": "United States",
   "city": "Oakridge",
   "latitude": "43.747695",
   "longitude": "-122.456799",
   "vicinity": "0",
   "attacktype1": "7",
   "attack": "Facility Infrastructure Attack",
   "Summary": "10/30/1996: Three members of the Animal and Earth Liberation Fronts (ALF and ELF), Jacob Ferguson, Kevin Tubbs and Josephine Overaker, set a gasoline fire at the Oakridge Ranger Station in the Williamette National Forest in Oakridge, Oregon in the United States. ",
   "multiple": "0",
   "success": "1",
   "suicide": "0",
   "targtype1": "2",
   "target": "Government (General)",
   "gname": "Earth Liberation Front (ELF)",
   "motive": "To protest the logging of forests.",
   "nperps": "3",
   "nperpcap": "2",
   "weaptype1": "8",
   "weapon": "Incendiary",
   "compclaim": "“unknown”",
   "Nkill": "0",
   "nkillus": "0",
   "Nwound": "0",
   "nwoundus": "0",
   "Nhostkid": "“unknown”",
   "nhostkidus": "“unknown”",
   "Ransom": "“unknown”",
   "ransompaid": "“unknown”",
   "Ransomamtus": "“unknown”",
   "ransompaidus": "“unknown”"
 },
 {
   "eventid": "1.98E+11",
   "eid": "E6301",
   "iyear": "1978",
   "imonth": "10",
   "extended": "0",
   "code": "826",
   "country": "217",
   "country_txt": "United States",
   "city": "Chicago",
   "latitude": "41.842602",
   "longitude": "-87.681229",
   "vicinity": "0",
   "attacktype1": "7",
   "attack": "Facility Infrastructure Attack",
   "Summary": "10/04/1978: The Danmarie Cabinet Company, a shop owned by Daniel Nikolic, an American of Croatian descent, was damaged by a firebomb in Chicago, Illinois, United States, by suspected Croatian nationalists after Nikolic refused to contribute to Croatian nationalist funds. ",
   "multiple": "0",
   "success": "1",
   "suicide": "0",
   "targtype1": "1",
   "target": "Business",
   "gname": "Otpor",
   "motive": "Nikolic was sent a letter demanding he contribute money to the Croatian nationalist cause, similar to the assassination case of Anthony Cikoja.",
   "nperps": "-99",
   "nperpcap": "-99",
   "weaptype1": "8",
   "weapon": "Incendiary",
   "compclaim": "“unknown”",
   "Nkill": "“unknown”",
   "nkillus": "“unknown”",
   "Nwound": "“unknown”",
   "nwoundus": "“unknown”",
   "Nhostkid": "“unknown”",
   "nhostkidus": "“unknown”",
   "Ransom": "“unknown”",
   "ransompaid": "“unknown”",
   "Ransomamtus": "“unknown”",
   "ransompaidus": "“unknown”"
 },
 {
   "eventid": "2.00E+11",
   "eid": "E6433",
   "iyear": "2001",
   "imonth": "6",
   "extended": "0",
   "code": "826",
   "country": "217",
   "country_txt": "United States",
   "city": "Estacada",
   "latitude": "45.285772",
   "longitude": "-122.334678",
   "vicinity": "0",
   "attacktype1": "7",
   "attack": "Facility Infrastructure Attack",
   "Summary": "06/01/2001: Two or three logging trucks, that belonged to the Ray Schoppert Logging Company, were set on fire by environmentalists in Estacada, Oregon U.S",
   "multiple": "0",
   "success": "1",
   "suicide": "0",
   "targtype1": "1",
   "target": "Business",
   "gname": "Earth Liberation Front (ELF)",
   "motive": "Unknown",
   "nperps": "unknown",
   "nperpcap": "0",
   "weaptype1": "8",
   "weapon": "Incendiary",
   "compclaim": "“unknown”",
   "Nkill": "0",
   "nkillus": "0",
   "Nwound": "0",
   "nwoundus": "0",
   "Nhostkid": "“unknown”",
   "nhostkidus": "“unknown”",
   "Ransom": "“unknown”",
   "ransompaid": "“unknown”",
   "Ransomamtus": "“unknown”",
   "ransompaidus": "“unknown”"
 },
 {
   "eventid": "1.99E+11",
   "eid": "E6434",
   "iyear": "1992",
   "imonth": "2",
   "extended": "0",
   "code": "826",
   "country": "217",
   "country_txt": "United States",
   "city": "East Lansing",
   "latitude": "42.731684",
   "longitude": "-84.477764",
   "vicinity": "0",
   "attacktype1": "7",
   "attack": "Facility Infrastructure Attack",
   "Summary": "02/28/1992: Members of the Animal Liberation Front (ALF) were responsible for breaking into two animal research buildings on the Michigan State University campus in East Lansing, Michigan, in the United States, and vandalizing and setting fire to the offices of animal science professors Richard Aulerich and Karen Chou, releasing mink, and destroying research documents and pouring sulfuric acid into feeders at the poultry research facility of professor Aulerich , causing $125,000 in damages and destroying 32 years of laboratory research. ",
   "multiple": "0",
   "success": "1",
   "suicide": "0",
   "targtype1": "8",
   "target": "Educational Institution",
   "gname": "Animal Liberation Front (ALF)",
   "motive": "To discourage the raising of animals for the fur trade.",
   "nperps": "-99",
   "nperpcap": "1",
   "weaptype1": "8",
   "weapon": "Incendiary",
   "compclaim": "“unknown”",
   "Nkill": "0",
   "nkillus": "0",
   "Nwound": "0",
   "nwoundus": "0",
   "Nhostkid": "“unknown”",
   "nhostkidus": "“unknown”",
   "Ransom": "“unknown”",
   "ransompaid": "“unknown”",
   "Ransomamtus": "“unknown”",
   "ransompaidus": "“unknown”"
 },
 {
   "eventid": "2.01E+11",
   "eid": "E6714",
   "iyear": "2008",
   "imonth": "2",
   "extended": "0",
   "code": "826",
   "country": "217",
   "country_txt": "United States",
   "city": "Los Angeles",
   "latitude": "34.097866",
   "longitude": "-118.407379",
   "vicinity": "0",
   "attacktype1": "7",
   "attack": "Facility Infrastructure Attack",
   "Summary": "02/05/2008:  UCLA professor Edythe London?af> home was set on fire by suspected activists, causing property damage but resulting in no casualties. ",
   "multiple": "0",
   "success": "1",
   "suicide": "0",
   "targtype1": "8",
   "target": "Educational Institution",
   "gname": "Animal Liberation Front (ALF)",
   "motive": "Unknown",
   "nperps": "unknown",
   "nperpcap": "0",
   "weaptype1": "8",
   "weapon": "Incendiary",
   "compclaim": "“unknown”",
   "Nkill": "0",
   "nkillus": "0",
   "Nwound": "0",
   "nwoundus": "0",
   "Nhostkid": "“unknown”",
   "nhostkidus": "“unknown”",
   "Ransom": "“unknown”",
   "ransompaid": "“unknown”",
   "Ransomamtus": "“unknown”",
   "ransompaidus": "“unknown”"
 },
 {
   "eventid": "1.98E+11",
   "eid": "E7152",
   "iyear": "1981",
   "imonth": "6",
   "extended": "0",
   "code": "826",
   "country": "217",
   "country_txt": "United States",
   "city": "College Park",
   "latitude": "38.988155",
   "longitude": "-76.931633",
   "vicinity": "0",
   "attacktype1": "3",
   "attack": "Bombing",
   "Summary": "06/27/1981: A bomb exploded on the University of Maryland, College Park campus, in the United States, killing a visiting scholar from the People's Republic of China, Cuo Ren Wu, and injuring four other Chinese visiting students. ",
   "multiple": "0",
   "success": "1",
   "suicide": "0",
   "targtype1": "8",
   "target": "Educational Institution",
   "gname": "Unknown",
   "motive": "The specific motive is unknown; but it is suspected that the reason for the bombing was because the targets were Chinese",
   "nperps": "-99",
   "nperpcap": "-99",
   "weaptype1": "6",
   "weapon": "Explosives",
   "compclaim": "“unknown”",
   "Nkill": "1",
   "nkillus": "0",
   "Nwound": "4",
   "nwoundus": "0",
   "Nhostkid": "“unknown”",
   "nhostkidus": "“unknown”",
   "Ransom": "“unknown”",
   "ransompaid": "“unknown”",
   "Ransomamtus": "“unknown”",
   "ransompaidus": "“unknown”"
 },
 {
   "eventid": "2.00E+11",
   "eid": "E7423",
   "iyear": "1995",
   "imonth": "6",
   "extended": "0",
   "code": "826",
   "country": "217",
   "country_txt": "United States",
   "city": "Murray",
   "latitude": "40.656914",
   "longitude": "-111.888363",
   "vicinity": "0",
   "attacktype1": "7",
   "attack": "Facility Infrastructure Attack",
   "Summary": "06/15/1995: The Tandy Leather Factory in Murray, Utah in the United States, was firebombed by animal rights activist, Jacob Kenison, who belonged to the Animal Liberation Front (ALF), causing $300,000 in damages. ",
   "multiple": "0",
   "success": "1",
   "suicide": "0",
   "targtype1": "1",
   "target": "Business",
   "gname": "Animal Liberation Front (ALF)",
   "motive": "To protest the killing of animals for the leather industry.",
   "nperps": "1",
   "nperpcap": "1",
   "weaptype1": "8",
   "weapon": "Incendiary",
   "compclaim": "“unknown”",
   "Nkill": "0",
   "nkillus": "0",
   "Nwound": "0",
   "nwoundus": "0",
   "Nhostkid": "“unknown”",
   "nhostkidus": "“unknown”",
   "Ransom": "“unknown”",
   "ransompaid": "“unknown”",
   "Ransomamtus": "“unknown”",
   "ransompaidus": "“unknown”"
 },
 {
   "eventid": "2.00E+11",
   "eid": "E7615",
   "iyear": "1996",
   "imonth": "11",
   "extended": "0",
   "code": "826",
   "country": "217",
   "country_txt": "United States",
   "city": "Bloomington",
   "latitude": "44.820491",
   "longitude": "-93.306364",
   "vicinity": "0",
   "attacktype1": "7",
   "attack": "Facility Infrastructure Attack",
   "Summary": "11/12/1996:  Members of the Animal Liberation Front (ALF) are suspected to be responsible for throwing an incendiary through the window of Alaskan Fur Company Inc.,",
   "multiple": "0",
   "success": "1",
   "suicide": "0",
   "targtype1": "1",
   "target": "Business",
   "gname": "Animal Liberation Front (ALF)",
   "motive": "Specific motive is unknown; however, other fur industries have been targeted by ALF in protest or the fur trade and mistreatment of animals.",
   "nperps": "-99",
   "nperpcap": "-99",
   "weaptype1": "8",
   "weapon": "Incendiary",
   "compclaim": "“unknown”",
   "Nkill": "0",
   "nkillus": "0",
   "Nwound": "0",
   "nwoundus": "0",
   "Nhostkid": "“unknown”",
   "nhostkidus": "“unknown”",
   "Ransom": "“unknown”",
   "ransompaid": "“unknown”",
   "Ransomamtus": "“unknown”",
   "ransompaidus": "“unknown”"
 },
 {
   "eventid": "1.99E+11",
   "eid": "E7616",
   "iyear": "1987",
   "imonth": "7",
   "extended": "0",
   "code": "826",
   "country": "217",
   "country_txt": "United States",
   "city": "Miami",
   "latitude": "25.774591",
   "longitude": "-80.214195",
   "vicinity": "0",
   "attacktype1": "3",
   "attack": "Bombing",
   "Summary": "7/30/1987: Unknown perpetrators bombed the Machi Community Service building in Miami, Florida, United States. ",
   "multiple": "0",
   "success": "1",
   "suicide": "0",
   "targtype1": "14",
   "target": "Private Citizens & Property",
   "gname": "Cuban Exiles",
   "motive": "To protest United States based institutions that send supplies to Cuba",
   "nperps": "-99",
   "nperpcap": "-99",
   "weaptype1": "6",
   "weapon": "Explosives",
   "compclaim": "“unknown”",
   "Nkill": "0",
   "nkillus": "0",
   "Nwound": "0",
   "nwoundus": "0",
   "Nhostkid": "“unknown”",
   "nhostkidus": "“unknown”",
   "Ransom": "“unknown”",
   "ransompaid": "“unknown”",
   "Ransomamtus": "“unknown”",
   "ransompaidus": "“unknown”"
 },
 {
   "eventid": "2.01E+11",
   "eid": "E7762",
   "iyear": "2012",
   "imonth": "11",
   "extended": "0",
   "code": "826",
   "country": "217",
   "country_txt": "United States",
   "city": "Casa Grande",
   "latitude": "32.879502",
   "longitude": "-111.757352",
   "vicinity": "0",
   "attacktype1": "7",
   "attack": "Facility Infrastructure Attack",
   "Summary": "11/30/2012: A small incendiary device exploded at the entrance of a Social Security Administration building in Casa Grande, Arizona, United States. ",
   "multiple": "0",
   "success": "1",
   "suicide": "0",
   "targtype1": "2",
   "target": "Government (General)",
   "gname": "Iraqi extremists",
   "motive": "The specific motive is unknown; however, the man who was taken into custody for the attack had been denied a green card due to his anti-government activities in Iraq.",
   "nperps": "-99",
   "nperpcap": "1",
   "weaptype1": "8",
   "weapon": "Incendiary",
   "compclaim": "“unknown”",
   "Nkill": "0",
   "nkillus": "0",
   "Nwound": "0",
   "nwoundus": "0",
   "Nhostkid": "“unknown”",
   "nhostkidus": "“unknown”",
   "Ransom": "“unknown”",
   "ransompaid": "“unknown”",
   "Ransomamtus": "“unknown”",
   "ransompaidus": "“unknown”"
 },
 {
   "eventid": "1.98E+11",
   "eid": "E7822",
   "iyear": "1978",
   "imonth": "11",
   "extended": "0",
   "code": "826",
   "country": "217",
   "country_txt": "United States",
   "city": "Glendale",
   "latitude": "34.14633",
   "longitude": "-118.248364",
   "vicinity": "0",
   "attacktype1": "1",
   "attack": "Assassination",
   "Summary": "11/22/1978: Krizan Brkic, an American of Croatian descent who was a tool and dye manufacturer, was murdered outside his home in Glendale, California, United States, by two bullets from a .3",
   "multiple": "0",
   "success": "1",
   "suicide": "0",
   "targtype1": "14",
   "target": "Private Citizens & Property",
   "gname": "Otpor",
   "motive": "Brkic was sent a letter demanding he contribute money to the Croatian nationalist cause, similar to the assassination case of Anthony Cikoja and the bombing of the shop of an American of Croatian descent.",
   "nperps": "-99",
   "nperpcap": "8",
   "weaptype1": "5",
   "weapon": "Firearms",
   "compclaim": "“unknown”",
   "Nkill": "1",
   "nkillus": "1",
   "Nwound": "0",
   "nwoundus": "0",
   "Nhostkid": "“unknown”",
   "nhostkidus": "“unknown”",
   "Ransom": "“unknown”",
   "ransompaid": "“unknown”",
   "Ransomamtus": "“unknown”",
   "ransompaidus": "“unknown”"
 },
 {
   "eventid": "1.98E+11",
   "eid": "E7823",
   "iyear": "1978",
   "imonth": "11",
   "extended": "0",
   "code": "826",
   "country": "217",
   "country_txt": "United States",
   "city": "Delaware City",
   "latitude": "39.573475",
   "longitude": "-75.594124",
   "vicinity": "0",
   "attacktype1": "2",
   "attack": "Armed Assault",
   "Summary": "11/29/1978: An unknown perpetrator, stationed in a car on the Reedy Point Bridge in Delaware City, Delaware, United States, fired on the Andrian Goncharov, a Soviet freighter, with a sniper rifle as the ship crossed through the Chesapeake and Delaware Canal. ",
   "multiple": "0",
   "success": "1",
   "suicide": "0",
   "targtype1": "19",
   "target": "Transportation",
   "gname": "Unknown",
   "motive": "Unknown",
   "nperps": "-99",
   "nperpcap": "-99",
   "weaptype1": "5",
   "weapon": "Firearms",
   "compclaim": "“unknown”",
   "Nkill": "0",
   "nkillus": "0",
   "Nwound": "0",
   "nwoundus": "0",
   "Nhostkid": "“unknown”",
   "nhostkidus": "“unknown”",
   "Ransom": "“unknown”",
   "ransompaid": "“unknown”",
   "Ransomamtus": "“unknown”",
   "ransompaidus": "“unknown”"
 },
 {
   "eventid": "1.98E+11",
   "eid": "E8270",
   "iyear": "1983",
   "imonth": "7",
   "extended": "0",
   "code": "826",
   "country": "217",
   "country_txt": "United States",
   "city": "Portland",
   "latitude": "45.511795",
   "longitude": "-122.675629",
   "vicinity": "0",
   "attacktype1": "3",
   "attack": "Bombing",
   "Summary": "07/29/1983: Three bombs exploded at the downtown Hotel Rajneesh, owned by followers of Indian guru, Bhagwan Shree Rajneesh, in Portland, Oregon, United States. ",
   "multiple": "0",
   "success": "1",
   "suicide": "0",
   "targtype1": "1",
   "target": "Business",
   "gname": "Jamaat-al-Fuqra",
   "motive": "The specific motive is unknown; but the Rajneeshee group was not received well from the beginning of its presence in the US from India and the teachings of the sect stirred controversy; their request for permanent residency in the United States was met with much resistance.",
   "nperps": "1",
   "nperpcap": "1",
   "weaptype1": "6",
   "weapon": "Explosives",
   "compclaim": "“unknown”",
   "Nkill": "0",
   "nkillus": "0",
   "Nwound": "2",
   "nwoundus": "1",
   "Nhostkid": "“unknown”",
   "nhostkidus": "“unknown”",
   "Ransom": "“unknown”",
   "ransompaid": "“unknown”",
   "Ransomamtus": "“unknown”",
   "ransompaidus": "“unknown”"
 },
 {
   "eventid": "2.01E+11",
   "eid": "E8344",
   "iyear": "2008",
   "imonth": "11",
   "extended": "0",
   "code": "826",
   "country": "217",
   "country_txt": "United States",
   "city": "Hemet",
   "latitude": "33.74937",
   "longitude": "-116.967889",
   "vicinity": "0",
   "attacktype1": "8",
   "attack": "Unarmed Assault",
   "Summary": "11/14/2008: On Friday, a Hispanic teen was beaten to near death in the Jackson Mobile Home Park, on South Elk Street of Hemet, California. ",
   "multiple": "0",
   "success": "1",
   "suicide": "0",
   "targtype1": "20",
   "target": "Unknown",
   "gname": "Neo-Nazi extremists",
   "motive": "The specific motive for the attack is unknown.",
   "nperps": "4",
   "nperpcap": "0",
   "weaptype1": "9",
   "weapon": "Melee",
   "compclaim": "“unknown”",
   "Nkill": "0",
   "nkillus": "0",
   "Nwound": "1",
   "nwoundus": "0",
   "Nhostkid": "“unknown”",
   "nhostkidus": "“unknown”",
   "Ransom": "“unknown”",
   "ransompaid": "“unknown”",
   "Ransomamtus": "“unknown”",
   "ransompaidus": "“unknown”"
 },
 {
   "eventid": "1.98E+11",
   "eid": "E8675",
   "iyear": "1981",
   "imonth": "7",
   "extended": "0",
   "code": "826",
   "country": "217",
   "country_txt": "United States",
   "city": "Ogden",
   "latitude": "41.222365",
   "longitude": "-111.970459",
   "vicinity": "0",
   "attacktype1": "1",
   "attack": "Assassination",
   "Summary": "7/17/1981:  Mohammed Shabata, a supporter of the Muammar Qaddafi regime, shot and killed fellow countryman Nabil Abuzed Mansour in Ogden, Utah, United States. ",
   "multiple": "0",
   "success": "1",
   "suicide": "0",
   "targtype1": "14",
   "target": "Private Citizens & Property",
   "gname": "Qaddafi loyalists",
   "motive": "To silence dissidents of the Muammar Qaddafi regime",
   "nperps": "-99",
   "nperpcap": "-99",
   "weaptype1": "5",
   "weapon": "Firearms",
   "compclaim": "“unknown”",
   "Nkill": "1",
   "nkillus": "0",
   "Nwound": "0",
   "nwoundus": "0",
   "Nhostkid": "“unknown”",
   "nhostkidus": "“unknown”",
   "Ransom": "“unknown”",
   "ransompaid": "“unknown”",
   "Ransomamtus": "“unknown”",
   "ransompaidus": "“unknown”"
 },
 {
   "eventid": "1.97E+11",
   "eid": "E9006",
   "iyear": "1970",
   "imonth": "3",
   "extended": "0",
   "code": "826",
   "country": "217",
   "country_txt": "United States",
   "city": "San Juan",
   "latitude": "18.386932",
   "longitude": "-66.061127",
   "vicinity": "0",
   "attacktype1": "1",
   "attack": "Assassination",
   "Summary": "3/5/1970: Unknown Puerto Rican Nationalists assassinated two United States Navy personal stationed in San Juan, Puerto Rico. ",
   "multiple": "0",
   "success": "1",
   "suicide": "0",
   "targtype1": "4",
   "target": "Military",
   "gname": "Armed Commandos of Liberation",
   "motive": "To protest United States presence in Puerto Rico and revenge the death of Antonia Martinez Lagares",
   "nperps": "-99",
   "nperpcap": "-99",
   "weaptype1": "5",
   "weapon": "Firearms",
   "compclaim": "“unknown”",
   "Nkill": "2",
   "nkillus": "2",
   "Nwound": "0",
   "nwoundus": "0",
   "Nhostkid": "“unknown”",
   "nhostkidus": "“unknown”",
   "Ransom": "“unknown”",
   "ransompaid": "“unknown”",
   "Ransomamtus": "“unknown”",
   "ransompaidus": "“unknown”"
 },
 {
   "eventid": "1.99E+11",
   "eid": "E9012",
   "iyear": "1986",
   "imonth": "3",
   "extended": "0",
   "code": "826",
   "country": "217",
   "country_txt": "United States",
   "city": "Westminster",
   "latitude": "33.75178",
   "longitude": "-117.993468",
   "vicinity": "0",
   "attacktype1": "1",
   "attack": "Assassination",
   "Summary": "3/18/1986:  Trahn Khan Van, a former South Vietnam government official, was shot and wounded outside of his real estate office in Westminster, California, United States. ",
   "multiple": "0",
   "success": "0",
   "suicide": "0",
   "targtype1": "14",
   "target": "Private Citizens & Property",
   "gname": "Vietnamese Refugees",
   "motive": "To protest supporters of Vietnam's communist government within the American-Vietnamese community.",
   "nperps": "2",
   "nperpcap": "2",
   "weaptype1": "5",
   "weapon": "Firearms",
   "compclaim": "“unknown”",
   "Nkill": "0",
   "nkillus": "0",
   "Nwound": "1",
   "nwoundus": "0",
   "Nhostkid": "“unknown”",
   "nhostkidus": "“unknown”",
   "Ransom": "“unknown”",
   "ransompaid": "“unknown”",
   "Ransomamtus": "“unknown”",
   "ransompaidus": "“unknown”"
 },
 {
   "eventid": "2.00E+11",
   "eid": "E9207",
   "iyear": "2000",
   "imonth": "3",
   "extended": "0",
   "code": "826",
   "country": "217",
   "country_txt": "United States",
   "city": "Viroqua",
   "latitude": "43.557135",
   "longitude": "-90.888714",
   "vicinity": "0",
   "attacktype1": "7",
   "attack": "Facility Infrastructure Attack",
   "Summary": "03/12/2000: The Animal Liberation Front (ALF) claimed responsibility for setting fire to the Kickapoo Fur Foods business in Viroqua, Wisconsin U.S",
   "multiple": "0",
   "success": "1",
   "suicide": "0",
   "targtype1": "1",
   "target": "Business",
   "gname": "Animal Liberation Front (ALF)",
   "motive": "Unknown",
   "nperps": "unknown",
   "nperpcap": "0",
   "weaptype1": "8",
   "weapon": "Incendiary",
   "compclaim": "-9",
   "Nkill": "0",
   "nkillus": "0",
   "Nwound": "0",
   "nwoundus": "0",
   "Nhostkid": "“unknown”",
   "nhostkidus": "“unknown”",
   "Ransom": "“unknown”",
   "ransompaid": "“unknown”",
   "Ransomamtus": "“unknown”",
   "ransompaidus": "“unknown”"
 },
 {
   "eventid": "1.98E+11",
   "eid": "E9840",
   "iyear": "1982",
   "imonth": "11",
   "extended": "0",
   "code": "826",
   "country": "217",
   "country_txt": "United States",
   "city": "New York City",
   "latitude": "40.697132",
   "longitude": "-73.931351",
   "vicinity": "0",
   "attacktype1": "7",
   "attack": "Facility Infrastructure Attack",
   "Summary": "11/4/1982:  Two members of the Jewish Defense League rolled two smoke grenades down the aisle of Carnegie Hall Cinema in Manhattan, New York, United States. ",
   "multiple": "0",
   "success": "1",
   "suicide": "0",
   "targtype1": "1",
   "target": "Business",
   "gname": "Jewish Defense League (JDL)",
   "motive": "To protest Russian culture in the United States and to highlight the mistreatment of Jews in the Soviet Union.",
   "nperps": "2",
   "nperpcap": "-99",
   "weaptype1": "12",
   "weapon": "Other",
   "compclaim": "“unknown”",
   "Nkill": "0",
   "nkillus": "0",
   "Nwound": "0",
   "nwoundus": "0",
   "Nhostkid": "“unknown”",
   "nhostkidus": "“unknown”",
   "Ransom": "“unknown”",
   "ransompaid": "“unknown”",
   "Ransomamtus": "“unknown”",
   "ransompaidus": "“unknown”"
 },
 {
   "eventid": "2.00E+11",
   "eid": "E10588",
   "iyear": "1999",
   "imonth": "8",
   "extended": "0",
   "code": "826",
   "country": "217",
   "country_txt": "United States",
   "city": "Plymouth",
   "latitude": "43.748829",
   "longitude": "-87.977206",
   "vicinity": "1",
   "attacktype1": "7",
   "attack": "Facility Infrastructure Attack",
   "Summary": "08/11/1999: The Animal Liberation Front (ALF) claimed responsibility for setting a fire that destroyed United Feeds, a Sheboygan County mink feed mill near Plymouth, Wisconsin, U.S",
   "multiple": "0",
   "success": "1",
   "suicide": "0",
   "targtype1": "1",
   "target": "Business",
   "gname": "Animal Liberation Front (ALF)",
   "motive": "Unknown",
   "nperps": "unknown",
   "nperpcap": "0",
   "weaptype1": "8",
   "weapon": "Incendiary",
   "compclaim": "-9",
   "Nkill": "0",
   "nkillus": "0",
   "Nwound": "0",
   "nwoundus": "0",
   "Nhostkid": "“unknown”",
   "nhostkidus": "“unknown”",
   "Ransom": "“unknown”",
   "ransompaid": "“unknown”",
   "Ransomamtus": "“unknown”",
   "ransompaidus": "“unknown”"
 },
 {
   "eventid": "2.00E+11",
   "eid": "E10589",
   "iyear": "1999",
   "imonth": "8",
   "extended": "0",
   "code": "826",
   "country": "217",
   "country_txt": "United States",
   "city": "Escanaba",
   "latitude": "45.74564",
   "longitude": "-87.079759",
   "vicinity": "0",
   "attacktype1": "7",
   "attack": "Facility Infrastructure Attack",
   "Summary": "08/07/1999: Members of the Earth Liberation Front (ELF), Frank Ambrose and  Marie Mason, torched two fishing boats owned by James Boydtson, a retired veterinarian and former mink rancher. ",
   "multiple": "0",
   "success": "1",
   "suicide": "0",
   "targtype1": "11",
   "target": "Maritime",
   "gname": "Earth Liberation Front (ELF)",
   "motive": "Boydston used to raise minks and be a spokesman for mink ranchers.",
   "nperps": "2",
   "nperpcap": "2",
   "weaptype1": "8",
   "weapon": "Incendiary",
   "compclaim": "“unknown”",
   "Nkill": "0",
   "nkillus": "0",
   "Nwound": "0",
   "nwoundus": "0",
   "Nhostkid": "“unknown”",
   "nhostkidus": "“unknown”",
   "Ransom": "“unknown”",
   "ransompaid": "“unknown”",
   "Ransomamtus": "“unknown”",
   "ransompaidus": "“unknown”"
 },
 {
   "eventid": "2.00E+11",
   "eid": "E10590",
   "iyear": "1999",
   "imonth": "8",
   "extended": "0",
   "code": "826",
   "country": "217",
   "country_txt": "United States",
   "city": "Northborough",
   "latitude": "42.310129",
   "longitude": "-71.655451",
   "vicinity": "0",
   "attacktype1": "8",
   "attack": "Unarmed Assault",
   "Summary": "08/21/1999: Eight animal activists, some dressed in military fatigues and wearing black bandannas over their faces, confronted a man they believed was an animal researcher and yelled, \"Animals live and he's going to die.\"",
   "multiple": "0",
   "success": "1",
   "suicide": "0",
   "targtype1": "14",
   "target": "Private Citizens & Property",
   "gname": "Animal Liberation Front (ALF)",
   "motive": "Unknown",
   "nperps": "8",
   "nperpcap": "8",
   "weaptype1": "9",
   "weapon": "Melee",
   "compclaim": "“unknown”",
   "Nkill": "0",
   "nkillus": "0",
   "Nwound": "0",
   "nwoundus": "0",
   "Nhostkid": "“unknown”",
   "nhostkidus": "“unknown”",
   "Ransom": "“unknown”",
   "ransompaid": "“unknown”",
   "Ransomamtus": "“unknown”",
   "ransompaidus": "“unknown”"
 },
 {
   "eventid": "1.98E+11",
   "eid": "E10986",
   "iyear": "1981",
   "imonth": "8",
   "extended": "0",
   "code": "826",
   "country": "217",
   "country_txt": "United States",
   "city": "Washington",
   "latitude": "38.908642",
   "longitude": "-77.015381",
   "vicinity": "0",
   "attacktype1": "7",
   "attack": "Facility Infrastructure Attack",
   "Summary": "08/20/1981: Members of the Black Brigade set fire to the Liberian Chancery at 5201 16th Street, Northwest, Washington, D.C",
   "multiple": "0",
   "success": "1",
   "suicide": "0",
   "targtype1": "2",
   "target": "Government (General)",
   "gname": "Black Brigade (United States)",
   "motive": "The attack was in response to the execution of five members of Liberia's ruling People's Redemption Council, who were also political opponents of Liberia's military leader.",
   "nperps": "-99",
   "nperpcap": "-99",
   "weaptype1": "8",
   "weapon": "Incendiary",
   "compclaim": "“unknown”",
   "Nkill": "0",
   "nkillus": "0",
   "Nwound": "0",
   "nwoundus": "0",
   "Nhostkid": "“unknown”",
   "nhostkidus": "“unknown”",
   "Ransom": "“unknown”",
   "ransompaid": "“unknown”",
   "Ransomamtus": "“unknown”",
   "ransompaidus": "“unknown”"
 },
 {
   "eventid": "1.97E+11",
   "eid": "E11284",
   "iyear": "1970",
   "imonth": "4",
   "extended": "0",
   "code": "826",
   "country": "217",
   "country_txt": "United States",
   "city": "Los Angeles",
   "latitude": "34.097866",
   "longitude": "-118.407379",
   "vicinity": "0",
   "attacktype1": "7",
   "attack": "Facility Infrastructure Attack",
   "Summary": "4/15/1970: Four Cuban refugees firebombed a building in Los Angeles, California, United States, occupied by pro-Castro sympathizers. ",
   "multiple": "0",
   "success": "1",
   "suicide": "0",
   "targtype1": "14",
   "target": "Private Citizens & Property",
   "gname": "Cuban Exiles",
   "motive": "Intimidate pro-Castro sympathizers and protest Fidel Castro's government.",
   "nperps": "4",
   "nperpcap": "-99",
   "weaptype1": "8",
   "weapon": "Incendiary",
   "compclaim": "“unknown”",
   "Nkill": "0",
   "nkillus": "0",
   "Nwound": "0",
   "nwoundus": "0",
   "Nhostkid": "“unknown”",
   "nhostkidus": "“unknown”",
   "Ransom": "“unknown”",
   "ransompaid": "“unknown”",
   "Ransomamtus": "“unknown”",
   "ransompaidus": "“unknown”"
 },
 {
   "eventid": "1.97E+11",
   "eid": "E11290",
   "iyear": "1970",
   "imonth": "12",
   "extended": "0",
   "code": "826",
   "country": "217",
   "country_txt": "United States",
   "city": "Bridgeport",
   "latitude": "41.18188",
   "longitude": "-73.191269",
   "vicinity": "0",
   "attacktype1": "7",
   "attack": "Facility Infrastructure Attack",
   "Summary": "12/14/1970: Suspected members of the Armed Revolutionary Independence Movement (MIRA) firebombed the Headquarters of the Antipoverty Agency in Bridgeport, Connecticut, United States. ",
   "multiple": "0",
   "success": "1",
   "suicide": "0",
   "targtype1": "12",
   "target": "NGO",
   "gname": "Armed Revolutionary Independence Movement (MIRA)",
   "motive": "Unknown",
   "nperps": "-99",
   "nperpcap": "-99",
   "weaptype1": "8",
   "weapon": "Incendiary",
   "compclaim": "“unknown”",
   "Nkill": "0",
   "nkillus": "0",
   "Nwound": "0",
   "nwoundus": "0",
   "Nhostkid": "“unknown”",
   "nhostkidus": "“unknown”",
   "Ransom": "“unknown”",
   "ransompaid": "“unknown”",
   "Ransomamtus": "“unknown”",
   "ransompaidus": "“unknown”"
 },
 {
   "eventid": "1.99E+11",
   "eid": "E12511",
   "iyear": "1989",
   "imonth": "8",
   "extended": "0",
   "code": "826",
   "country": "217",
   "country_txt": "United States",
   "city": "Santa Ana",
   "latitude": "33.745573",
   "longitude": "-117.867834",
   "vicinity": "0",
   "attacktype1": "7",
   "attack": "Facility Infrastructure Attack",
   "Summary": "8/24/1989:  Unknown perpetrators set fire to a delivery truck belonging to Ngoi Viet Daily News. ",
   "multiple": "0",
   "success": "1",
   "suicide": "0",
   "targtype1": "10",
   "target": "Journalists & Media",
   "gname": "Vietnamese Refugees",
   "motive": "To protest perceived supporters of Vietnam's communist government within the American-Vietnamese community.",
   "nperps": "-99",
   "nperpcap": "-99",
   "weaptype1": "8",
   "weapon": "Incendiary",
   "compclaim": "“unknown”",
   "Nkill": "0",
   "nkillus": "0",
   "Nwound": "0",
   "nwoundus": "0",
   "Nhostkid": "“unknown”",
   "nhostkidus": "“unknown”",
   "Ransom": "“unknown”",
   "ransompaid": "“unknown”",
   "Ransomamtus": "“unknown”",
   "ransompaidus": "“unknown”"
 },
 {
   "eventid": "1.99E+11",
   "eid": "E12512",
   "iyear": "1989",
   "imonth": "8",
   "extended": "0",
   "code": "826",
   "country": "217",
   "country_txt": "United States",
   "city": "Fresno",
   "latitude": "36.740685",
   "longitude": "-119.785734",
   "vicinity": "0",
   "attacktype1": "1",
   "attack": "Assassination",
   "Summary": "8/19/1989:  Two unidentified perpetrators shot and wounded Doan Van Toai as he walked to his home in Fresno, California, United States. ",
   "multiple": "0",
   "success": "0",
   "suicide": "0",
   "targtype1": "14",
   "target": "Private Citizens & Property",
   "gname": "Unknown",
   "motive": "To protest reapproachment between Vietnam and the United States. Specifically, it is suspected that this attack was provoked due to a mistranslated article Doan Van Toai wrote in an English-language policy newspaper.",
   "nperps": "2",
   "nperpcap": "0",
   "weaptype1": "5",
   "weapon": "Firearms",
   "compclaim": "“unknown”",
   "Nkill": "0",
   "nkillus": "0",
   "Nwound": "1",
   "nwoundus": "0",
   "Nhostkid": "“unknown”",
   "nhostkidus": "“unknown”",
   "Ransom": "“unknown”",
   "ransompaid": "“unknown”",
   "Ransomamtus": "“unknown”",
   "ransompaidus": "“unknown”"
 },
 {
   "eventid": "1.99E+11",
   "eid": "E12991",
   "iyear": "1987",
   "imonth": "8",
   "extended": "0",
   "code": "826",
   "country": "217",
   "country_txt": "United States",
   "city": "Hialeah",
   "latitude": "25.857518",
   "longitude": "-80.278182",
   "vicinity": "0",
   "attacktype1": "3",
   "attack": "Bombing",
   "Summary": "8/27/1987: Unknown perpetrators bombed the offices of the Va-Cuba in Hialeah, Florida, United States. ",
   "multiple": "0",
   "success": "1",
   "suicide": "0",
   "targtype1": "1",
   "target": "Business",
   "gname": "Cuban Exiles",
   "motive": "To protest United States based businesses that send supplies to Cuba",
   "nperps": "-99",
   "nperpcap": "-99",
   "weaptype1": "6",
   "weapon": "Explosives",
   "compclaim": "“unknown”",
   "Nkill": "0",
   "nkillus": "0",
   "Nwound": "0",
   "nwoundus": "0",
   "Nhostkid": "“unknown”",
   "nhostkidus": "“unknown”",
   "Ransom": "“unknown”",
   "ransompaid": "“unknown”",
   "Ransomamtus": "“unknown”",
   "ransompaidus": "“unknown”"
 },
 {
   "eventid": "1.98E+11",
   "eid": "E13156",
   "iyear": "1978",
   "imonth": "4",
   "extended": "0",
   "code": "826",
   "country": "217",
   "country_txt": "United States",
   "city": "San Juan",
   "latitude": "18.386932",
   "longitude": "-66.061127",
   "vicinity": "0",
   "attacktype1": "3",
   "attack": "Bombing",
   "Summary": "04/11/1978: The United States Coast Guard Club in San Juan, Puerto Rico is bombed by Puerto Rican nationalist group, People's Revolutionary Command. ",
   "multiple": "0",
   "success": "1",
   "suicide": "0",
   "targtype1": "4",
   "target": "Military",
   "gname": "Revolutionary Commandos of the People (CRP)",
   "motive": "Unknown",
   "nperps": "-99",
   "nperpcap": "-99",
   "weaptype1": "6",
   "weapon": "Explosives",
   "compclaim": "“unknown”",
   "Nkill": "“unknown”",
   "nkillus": "“unknown”",
   "Nwound": "“unknown”",
   "nwoundus": "“unknown”",
   "Nhostkid": "“unknown”",
   "nhostkidus": "“unknown”",
   "Ransom": "“unknown”",
   "ransompaid": "“unknown”",
   "Ransomamtus": "“unknown”",
   "ransompaidus": "“unknown”"
 },
 {
   "eventid": "1.98E+11",
   "eid": "E13326",
   "iyear": "1976",
   "imonth": "4",
   "extended": "0",
   "code": "826",
   "country": "217",
   "country_txt": "United States",
   "city": "Beverly Hills",
   "latitude": "34.081074",
   "longitude": "-118.394081",
   "vicinity": "0",
   "attacktype1": "3",
   "attack": "Bombing",
   "Summary": "04/26/1976: A bomb exploded at Beverly Hills High School in Beverly Hills, California, United States, where Southern California Turkish folk dance group, Fotem, was scheduled to perform. ",
   "multiple": "0",
   "success": "1",
   "suicide": "0",
   "targtype1": "8",
   "target": "Educational Institution",
   "gname": "Armenian Group",
   "motive": "A Turkish dance group was scheduled to perform and Armenians were protesting U.S. aid to Turkey",
   "nperps": "-99",
   "nperpcap": "-99",
   "weaptype1": "6",
   "weapon": "Explosives",
   "compclaim": "“unknown”",
   "Nkill": "0",
   "nkillus": "0",
   "Nwound": "0",
   "nwoundus": "0",
   "Nhostkid": "“unknown”",
   "nhostkidus": "“unknown”",
   "Ransom": "“unknown”",
   "ransompaid": "“unknown”",
   "Ransomamtus": "“unknown”",
   "ransompaidus": "“unknown”"
 },
 {
   "eventid": "2.00E+11",
   "eid": "E13881",
   "iyear": "2000",
   "imonth": "5",
   "extended": "0",
   "code": "826",
   "country": "217",
   "country_txt": "United States",
   "city": "Olympia",
   "latitude": "47.039225",
   "longitude": "-122.891429",
   "vicinity": "0",
   "attacktype1": "7",
   "attack": "Facility Infrastructure Attack",
   "Summary": "05/07/2000: A previously unknown group called \"Revenge of the Trees\" claimed credit for an arson at Holbrooke Inc. ",
   "multiple": "0",
   "success": "1",
   "suicide": "0",
   "targtype1": "1",
   "target": "Business",
   "gname": "Revenge of the Trees",
   "motive": "Unknown",
   "nperps": "unknown",
   "nperpcap": "0",
   "weaptype1": "8",
   "weapon": "Incendiary",
   "compclaim": "1",
   "Nkill": "0",
   "nkillus": "0",
   "Nwound": "0",
   "nwoundus": "0",
   "Nhostkid": "“unknown”",
   "nhostkidus": "“unknown”",
   "Ransom": "“unknown”",
   "ransompaid": "“unknown”",
   "Ransomamtus": "“unknown”",
   "ransompaidus": "“unknown”"
 },
 {
   "eventid": "1.98E+11",
   "eid": "E14195",
   "iyear": "1982",
   "imonth": "5",
   "extended": "0",
   "code": "826",
   "country": "217",
   "country_txt": "United States",
   "city": "Union City",
   "latitude": "40.769142",
   "longitude": "-74.031174",
   "vicinity": "0",
   "attacktype1": "7",
   "attack": "Facility Infrastructure Attack",
   "Summary": "05/17/1982: A Cuban business is firebombed by Omega 7 in Union City, New Jersey, United States. ",
   "multiple": "0",
   "success": "1",
   "suicide": "0",
   "targtype1": "1",
   "target": "Business",
   "gname": "Omega-7",
   "motive": "Unknown",
   "nperps": "-99",
   "nperpcap": "-99",
   "weaptype1": "8",
   "weapon": "Incendiary",
   "compclaim": "“unknown”",
   "Nkill": "0",
   "nkillus": "0",
   "Nwound": "0",
   "nwoundus": "0",
   "Nhostkid": "“unknown”",
   "nhostkidus": "“unknown”",
   "Ransom": "“unknown”",
   "ransompaid": "“unknown”",
   "Ransomamtus": "“unknown”",
   "ransompaidus": "“unknown”"
 },
 {
   "eventid": "1.99E+11",
   "eid": "E14705",
   "iyear": "1989",
   "imonth": "9",
   "extended": "0",
   "code": "826",
   "country": "217",
   "country_txt": "United States",
   "city": "Hialeah",
   "latitude": "25.857518",
   "longitude": "-80.278182",
   "vicinity": "0",
   "attacktype1": "3",
   "attack": "Bombing",
   "Summary": "9/10/1989: Unknown perpetrators bombed the Super Optical Center in Hialeah, Florida, United States. ",
   "multiple": "0",
   "success": "1",
   "suicide": "0",
   "targtype1": "1",
   "target": "Business",
   "gname": "Cuban Exiles",
   "motive": "To protest Cubans in Miami who supported increased relations with the Fidel Castro regime.",
   "nperps": "-99",
   "nperpcap": "-99",
   "weaptype1": "6",
   "weapon": "Explosives",
   "compclaim": "“unknown”",
   "Nkill": "0",
   "nkillus": "0",
   "Nwound": "0",
   "nwoundus": "0",
   "Nhostkid": "“unknown”",
   "nhostkidus": "“unknown”",
   "Ransom": "“unknown”",
   "ransompaid": "“unknown”",
   "Ransomamtus": "“unknown”",
   "ransompaidus": "“unknown”"
 },
 {
   "eventid": "2.01E+11",
   "eid": "E14734",
   "iyear": "2005",
   "imonth": "9",
   "extended": "0",
   "code": "826",
   "country": "217",
   "country_txt": "United States",
   "city": "Los Angeles",
   "latitude": "34.097866",
   "longitude": "-118.407379",
   "vicinity": "0",
   "attacktype1": "7",
   "attack": "Facility Infrastructure Attack",
   "Summary": "09/00/2005: Members of the Animal Liberation Front (ALF) claimed responsibility for ignited smoke grenades in the lobby of the residence of Guerdon Stuckey, the  Animal Services General Manager in Los Angeles, California in the United States. ",
   "multiple": "0",
   "success": "1",
   "suicide": "0",
   "targtype1": "2",
   "target": "Government (General)",
   "gname": "Animal Liberation Front (ALF)",
   "motive": "To remove Guerdon Stuckey from his position and implement a no-kill policy at city animal shelters.",
   "nperps": "-99",
   "nperpcap": "-99",
   "weaptype1": "8",
   "weapon": "Incendiary",
   "compclaim": "“unknown”",
   "Nkill": "0",
   "nkillus": "0",
   "Nwound": "0",
   "nwoundus": "0",
   "Nhostkid": "“unknown”",
   "nhostkidus": "“unknown”",
   "Ransom": "“unknown”",
   "ransompaid": "“unknown”",
   "Ransomamtus": "“unknown”",
   "ransompaidus": "“unknown”"
 },
 {
   "eventid": "2.01E+11",
   "eid": "E15105",
   "iyear": "2010",
   "imonth": "5",
   "extended": "0",
   "code": "826",
   "country": "217",
   "country_txt": "United States",
   "city": "New York City",
   "latitude": "40.697132",
   "longitude": "-73.931351",
   "vicinity": "0",
   "attacktype1": "3",
   "attack": "Bombing",
   "Summary": "05/01/2010: On Saturday evening at approximately 1830, in New York City, New York, United States of America, a t-shirt vendor located between 45th Street and Seventh and Eighth Avenues noticed a dark-colored Sport Utility Vehicle (SUV) parked at the curb with its engine running and its hazard lights on. ",
   "multiple": "0",
   "success": "0",
   "suicide": "0",
   "targtype1": "14",
   "target": "Private Citizens & Property",
   "gname": "Tehrik-i-Taliban Pakistan (TTP)",
   "motive": "The specific motive for the attack is unknown.",
   "nperps": "1",
   "nperpcap": "1",
   "weaptype1": "6",
   "weapon": "Explosives",
   "compclaim": "“unknown”",
   "Nkill": "0",
   "nkillus": "0",
   "Nwound": "0",
   "nwoundus": "0",
   "Nhostkid": "“unknown”",
   "nhostkidus": "“unknown”",
   "Ransom": "“unknown”",
   "ransompaid": "“unknown”",
   "Ransomamtus": "“unknown”",
   "ransompaidus": "“unknown”"
 },
 {
   "eventid": "2.00E+11",
   "eid": "E15161",
   "iyear": "2001",
   "imonth": "1",
   "extended": "0",
   "code": "826",
   "country": "217",
   "country_txt": "United States",
   "city": "Miller Place",
   "latitude": "40.960042",
   "longitude": "-72.995514",
   "vicinity": "0",
   "attacktype1": "7",
   "attack": "Facility Infrastructure Attack",
   "Summary": "01/13/2001: The Earth Liberation Front (ELF) attacked Melo?af> Construction Corporation on Long Island, New York U.S",
   "multiple": "0",
   "success": "1",
   "suicide": "0",
   "targtype1": "1",
   "target": "Business",
   "gname": "Earth Liberation Front (ELF)",
   "motive": "Unknown",
   "nperps": "unknown",
   "nperpcap": "0",
   "weaptype1": "8",
   "weapon": "Incendiary",
   "compclaim": "-9",
   "Nkill": "0",
   "nkillus": "0",
   "Nwound": "0",
   "nwoundus": "0",
   "Nhostkid": "“unknown”",
   "nhostkidus": "“unknown”",
   "Ransom": "“unknown”",
   "ransompaid": "“unknown”",
   "Ransomamtus": "“unknown”",
   "ransompaidus": "“unknown”"
 },
 {
   "eventid": "2.00E+11",
   "eid": "E15162",
   "iyear": "2001",
   "imonth": "1",
   "extended": "0",
   "code": "826",
   "country": "217",
   "country_txt": "United States",
   "city": "Capitola",
   "latitude": "36.974796",
   "longitude": "-121.953457",
   "vicinity": "0",
   "attacktype1": "7",
   "attack": "Facility Infrastructure Attack",
   "Summary": "01/23/2001: Two men associated with the Animal Liberation Front, Peter Schnell and Matthew Whyte, were caught and arrested during their attempt to make and light incendiary devices outside of Capitola City Hall in Capitola, California in the United States, in an attempt to target City Hall. ",
   "multiple": "0",
   "success": "0",
   "suicide": "0",
   "targtype1": "2",
   "target": "Government (General)",
   "gname": "Animal Liberation Front (ALF)",
   "motive": "The specific motive is unknown.",
   "nperps": "-99",
   "nperpcap": "-99",
   "weaptype1": "8",
   "weapon": "Incendiary",
   "compclaim": "“unknown”",
   "Nkill": "0",
   "nkillus": "0",
   "Nwound": "0",
   "nwoundus": "0",
   "Nhostkid": "“unknown”",
   "nhostkidus": "“unknown”",
   "Ransom": "“unknown”",
   "ransompaid": "“unknown”",
   "Ransomamtus": "“unknown”",
   "ransompaidus": "“unknown”"
 },
 {
   "eventid": "1.98E+11",
   "eid": "E15171",
   "iyear": "1976",
   "imonth": "5",
   "extended": "0",
   "code": "826",
   "country": "217",
   "country_txt": "United States",
   "city": "New York City",
   "latitude": "40.697132",
   "longitude": "-73.931351",
   "vicinity": "0",
   "attacktype1": "7",
   "attack": "Facility Infrastructure Attack",
   "Summary": "5/16/1976: A group calling itself a secret anti-Castro Cuban army firebombed a Cuban social club in Manhattan, New York, United States. ",
   "multiple": "0",
   "success": "1",
   "suicide": "0",
   "targtype1": "1",
   "target": "Business",
   "gname": "Cuban Exiles",
   "motive": "To protest Cuban institutions operating in the United States",
   "nperps": "-99",
   "nperpcap": "-99",
   "weaptype1": "8",
   "weapon": "Incendiary",
   "compclaim": "“unknown”",
   "Nkill": "0",
   "nkillus": "0",
   "Nwound": "0",
   "nwoundus": "0",
   "Nhostkid": "“unknown”",
   "nhostkidus": "“unknown”",
   "Ransom": "“unknown”",
   "ransompaid": "“unknown”",
   "Ransomamtus": "“unknown”",
   "ransompaidus": "“unknown”"
 },
 {
   "eventid": "2.00E+11",
   "eid": "E15412",
   "iyear": "2001",
   "imonth": "9",
   "extended": "0",
   "code": "826",
   "country": "217",
   "country_txt": "United States",
   "city": "Alamogordo",
   "latitude": "32.89925",
   "longitude": "-105.960323",
   "vicinity": "0",
   "attacktype1": "3",
   "attack": "Bombing",
   "Summary": "09/20/2001: An incendiary device exploded at a maintenance building at the White Sands Research Center in New Mexico, U.S",
   "multiple": "0",
   "success": "1",
   "suicide": "0",
   "targtype1": "14",
   "target": "Private Citizens & Property",
   "gname": "Animal Liberation Front (ALF)",
   "motive": "Unknown",
   "nperps": "unknown",
   "nperpcap": "0",
   "weaptype1": "6",
   "weapon": "Explosives",
   "compclaim": "-9",
   "Nkill": "0",
   "nkillus": "0",
   "Nwound": "0",
   "nwoundus": "0",
   "Nhostkid": "“unknown”",
   "nhostkidus": "“unknown”",
   "Ransom": "“unknown”",
   "ransompaid": "“unknown”",
   "Ransomamtus": "“unknown”",
   "ransompaidus": "“unknown”"
 },
 {
   "eventid": "2.00E+11",
   "eid": "E16398",
   "iyear": "1997",
   "imonth": "1",
   "extended": "0",
   "code": "826",
   "country": "217",
   "country_txt": "United States",
   "city": "New York City",
   "latitude": "40.697132",
   "longitude": "-73.931351",
   "vicinity": "0",
   "attacktype1": "3",
   "attack": "Bombing",
   "Summary": "1/13/1997:  Unknown perpetrators sent four letter bombs to the Al-Hayat newspaper's bureau at the United Nations Headquarters in Manhattan, New York, United States. ",
   "multiple": "0",
   "success": "0",
   "suicide": "0",
   "targtype1": "10",
   "target": "Journalists & Media",
   "gname": "Islamist extremists",
   "motive": "Unknown",
   "nperps": "-99",
   "nperpcap": "-99",
   "weaptype1": "6",
   "weapon": "Explosives",
   "compclaim": "“unknown”",
   "Nkill": "0",
   "nkillus": "0",
   "Nwound": "0",
   "nwoundus": "0",
   "Nhostkid": "“unknown”",
   "nhostkidus": "“unknown”",
   "Ransom": "“unknown”",
   "ransompaid": "“unknown”",
   "Ransomamtus": "“unknown”",
   "ransompaidus": "“unknown”"
 },
 {
   "eventid": "1.98E+11",
   "eid": "E16399",
   "iyear": "1981",
   "imonth": "9",
   "extended": "0",
   "code": "826",
   "country": "217",
   "country_txt": "United States",
   "city": "Miami",
   "latitude": "25.774591",
   "longitude": "-80.214195",
   "vicinity": "0",
   "attacktype1": "3",
   "attack": "Bombing",
   "Summary": "09/24/1981: A unexploded bomb with Omega-7 stickers was found on the front doorway area of the rooftop of the Replica magazine by the owner of the magazine, Max Lesnick, in Miami, Florida, United States. ",
   "multiple": "0",
   "success": "0",
   "suicide": "0",
   "targtype1": "10",
   "target": "Journalists & Media",
   "gname": "Omega-7",
   "motive": "Unknown",
   "nperps": "-99",
   "nperpcap": "-99",
   "weaptype1": "6",
   "weapon": "Explosives",
   "compclaim": "“unknown”",
   "Nkill": "0",
   "nkillus": "0",
   "Nwound": "0",
   "nwoundus": "0",
   "Nhostkid": "“unknown”",
   "nhostkidus": "“unknown”",
   "Ransom": "“unknown”",
   "ransompaid": "“unknown”",
   "Ransomamtus": "“unknown”",
   "ransompaidus": "“unknown”"
 },
 {
   "eventid": "1.99E+11",
   "eid": "E16604",
   "iyear": "1988",
   "imonth": "5",
   "extended": "0",
   "code": "826",
   "country": "217",
   "country_txt": "United States",
   "city": "Miami",
   "latitude": "25.774591",
   "longitude": "-80.214195",
   "vicinity": "0",
   "attacktype1": "3",
   "attack": "Bombing",
   "Summary": "5/3/1988: Unknown perpetrators threw a pipe bomb through the glass front door of the Cuban Museum of Arts and Culture in Miami, Florida, United States. ",
   "multiple": "0",
   "success": "1",
   "suicide": "0",
   "targtype1": "14",
   "target": "Private Citizens & Property",
   "gname": "Cuban Exiles",
   "motive": "To protest the decision of the Cuban Museum of Arts and Culture to open an exhibit featuring the works of a Cuban artist.",
   "nperps": "-99",
   "nperpcap": "-99",
   "weaptype1": "6",
   "weapon": "Explosives",
   "compclaim": "“unknown”",
   "Nkill": "0",
   "nkillus": "0",
   "Nwound": "0",
   "nwoundus": "0",
   "Nhostkid": "“unknown”",
   "nhostkidus": "“unknown”",
   "Ransom": "“unknown”",
   "ransompaid": "“unknown”",
   "Ransomamtus": "“unknown”",
   "ransompaidus": "“unknown”"
 },
 {
   "eventid": "2.01E+11",
   "eid": "E16923",
   "iyear": "2011",
   "imonth": "9",
   "extended": "0",
   "code": "826",
   "country": "217",
   "country_txt": "United States",
   "city": "Caldwell",
   "latitude": "43.662938",
   "longitude": "-116.68736",
   "vicinity": "0",
   "attacktype1": "7",
   "attack": "Facility Infrastructure Attack",
   "Summary": "09/26/2011: On Monday morning, in Caldwell, Idaho, United States, animal rights activists drilled a hole into the storage space of Rocky Mountain Fur and Fireworks, pumped several gallons of fuel into and set fire to the retail building. ",
   "multiple": "0",
   "success": "1",
   "suicide": "0",
   "targtype1": "1",
   "target": "Business",
   "gname": "Animal Liberation Front (ALF)",
   "motive": "The specific motive for the attack was to stop the killing of animals for their fur.",
   "nperps": "-99",
   "nperpcap": "0",
   "weaptype1": "8",
   "weapon": "Incendiary",
   "compclaim": "“unknown”",
   "Nkill": "0",
   "nkillus": "0",
   "Nwound": "0",
   "nwoundus": "0",
   "Nhostkid": "“unknown”",
   "nhostkidus": "“unknown”",
   "Ransom": "“unknown”",
   "ransompaid": "“unknown”",
   "Ransomamtus": "“unknown”",
   "ransompaidus": "“unknown”"
 },
 {
   "eventid": "2.00E+11",
   "eid": "E16983",
   "iyear": "2002",
   "imonth": "5",
   "extended": "0",
   "code": "826",
   "country": "217",
   "country_txt": "United States",
   "city": "Bloomington",
   "latitude": "39.16659",
   "longitude": "-86.534244",
   "vicinity": "0",
   "attacktype1": "7",
   "attack": "Facility Infrastructure Attack",
   "Summary": "05/03/2002: A truck parked at the Sims Poultry Inc.,",
   "multiple": "0",
   "success": "1",
   "suicide": "0",
   "targtype1": "1",
   "target": "Business",
   "gname": "Animal Liberation Front (ALF)",
   "motive": "The perpetrators wanted to punish Sims Poultry for the company's supposed abuse of animals.",
   "nperps": "unknown",
   "nperpcap": "0",
   "weaptype1": "8",
   "weapon": "Incendiary",
   "compclaim": "-9",
   "Nkill": "0",
   "nkillus": "0",
   "Nwound": "0",
   "nwoundus": "0",
   "Nhostkid": "“unknown”",
   "nhostkidus": "“unknown”",
   "Ransom": "“unknown”",
   "ransompaid": "“unknown”",
   "Ransomamtus": "“unknown”",
   "ransompaidus": "“unknown”"
 }
]